"canvas","file","reason"
"Arquivo/Ágora.canvas","Balaji","missing at source (md embed)"
"Arquivo/Ágora.canvas","RAADfest","missing at source (md embed)"
"Arquivo/Ágora.canvas","Próspera is a startup city for entrepreneurs to build better","missing at source (md embed)"
"Arquivo/Ágora.canvas","cheaper","missing at source (md embed)"
"Arquivo/Ágora.canvas","and faster with a unique regulatory system. Join us today.","missing at source (md embed)"
"Arquivo/ágora - old.canvas","Balaji","missing at source (md embed)"
"Arquivo/ágora - old.canvas","Próspera is a startup city for entrepreneurs to build better","missing at source (md embed)"
"Arquivo/ágora - old.canvas","cheaper","missing at source (md embed)"
"Arquivo/ágora - old.canvas","and faster with a unique regulatory system. Join us today.","missing at source (md embed)"
"Arquivo/ágora - old.canvas","RAADfest","missing at source (md embed)"
"Arquivo/Network State 101.canvas","@drydenwtbrown","missing at source (md embed)"
"Arquivo/Network State 101.canvas","@RNS_global","missing at source (md embed)"
"Arquivo/Network State 101.canvas","Lauren Razavi","missing at source (md embed)"
